{
	"start":	{
		"connected":	[{
				"socket":	5,
				"local_host":	"152.0.1.1",
				"local_port":	50442,
				"remote_host":	"157.0.1.1",
				"remote_port":	5201
			}],
		"version":	"iperf 3.1.3",
		"system_info":	"Linux mininet-vm 4.15.0-112-generic #113-Ubuntu SMP Thu Jul 9 23:41:39 UTC 2020 x86_64",
		"timestamp":	{
			"time":	"Tue, 22 Nov 2022 01:06:21 GMT",
			"timesecs":	1669079181
		},
		"connecting_to":	{
			"host":	"157.0.1.1",
			"port":	5201
		},
		"cookie":	"mininet-vm.1669079181.000887.4c38b5a",
		"tcp_mss_default":	1448,
		"test_start":	{
			"protocol":	"TCP",
			"num_streams":	1,
			"blksize":	131072,
			"omit":	0,
			"duration":	10,
			"bytes":	0,
			"blocks":	0,
			"reverse":	0
		}
	},
	"intervals":	[{
			"streams":	[{
					"socket":	5,
					"start":	0,
					"end":	1.000246,
					"seconds":	1.000246,
					"bytes":	11403264,
					"bits_per_second":	91203693.260740,
					"retransmits":	0,
					"snd_cwnd":	69504,
					"rtt":	241881,
					"omitted":	false
				}],
			"sum":	{
				"start":	0,
				"end":	1.000246,
				"seconds":	1.000246,
				"bytes":	11403264,
				"bits_per_second":	91203693.260740,
				"retransmits":	0,
				"omitted":	false
			}
		}, {
			"streams":	[{
					"socket":	5,
					"start":	1.000246,
					"end":	2.000090,
					"seconds":	0.999844,
					"bytes":	11534336,
					"bits_per_second":	92289078.243810,
					"retransmits":	0,
					"snd_cwnd":	1200392,
					"rtt":	240131,
					"omitted":	false
				}],
			"sum":	{
				"start":	1.000246,
				"end":	2.000090,
				"seconds":	0.999844,
				"bytes":	11534336,
				"bits_per_second":	92289078.243810,
				"retransmits":	0,
				"omitted":	false
			}
		}, {
			"streams":	[{
					"socket":	5,
					"start":	2.000090,
					"end":	3.000089,
					"seconds":	0.999999,
					"bytes":	6291456,
					"bits_per_second":	50331696.000046,
					"retransmits":	0,
					"snd_cwnd":	1705744,
					"rtt":	240126,
					"omitted":	false
				}],
			"sum":	{
				"start":	2.000090,
				"end":	3.000089,
				"seconds":	0.999999,
				"bytes":	6291456,
				"bits_per_second":	50331696.000046,
				"retransmits":	0,
				"omitted":	false
			}
		}, {
			"streams":	[{
					"socket":	5,
					"start":	3.000089,
					"end":	4.000083,
					"seconds":	0.999994,
					"bytes":	7077888,
					"bits_per_second":	56623441.502012,
					"retransmits":	0,
					"snd_cwnd":	1924392,
					"rtt":	240129,
					"omitted":	false
				}],
			"sum":	{
				"start":	3.000089,
				"end":	4.000083,
				"seconds":	0.999994,
				"bytes":	7077888,
				"bits_per_second":	56623441.502012,
				"retransmits":	0,
				"omitted":	false
			}
		}, {
			"streams":	[{
					"socket":	5,
					"start":	4.000083,
					"end":	5.000054,
					"seconds":	0.999971,
					"bytes":	8519680,
					"bits_per_second":	68159422.557667,
					"retransmits":	0,
					"snd_cwnd":	2271912,
					"rtt":	240137,
					"omitted":	false
				}],
			"sum":	{
				"start":	4.000083,
				"end":	5.000054,
				"seconds":	0.999971,
				"bytes":	8519680,
				"bits_per_second":	68159422.557667,
				"retransmits":	0,
				"omitted":	false
			}
		}, {
			"streams":	[{
					"socket":	5,
					"start":	5.000054,
					"end":	6.000076,
					"seconds":	1.000022,
					"bytes":	10092544,
					"bits_per_second":	80738581.038845,
					"retransmits":	0,
					"snd_cwnd":	2662872,
					"rtt":	241192,
					"omitted":	false
				}],
			"sum":	{
				"start":	5.000054,
				"end":	6.000076,
				"seconds":	1.000022,
				"bytes":	10092544,
				"bits_per_second":	80738581.038845,
				"retransmits":	0,
				"omitted":	false
			}
		}, {
			"streams":	[{
					"socket":	5,
					"start":	6.000076,
					"end":	7.000083,
					"seconds":	1.000007,
					"bytes":	11272192,
					"bits_per_second":	90176891.004613,
					"retransmits":	0,
					"snd_cwnd":	2923512,
					"rtt":	243920,
					"omitted":	false
				}],
			"sum":	{
				"start":	6.000076,
				"end":	7.000083,
				"seconds":	1.000007,
				"bytes":	11272192,
				"bits_per_second":	90176891.004613,
				"retransmits":	0,
				"omitted":	false
			}
		}, {
			"streams":	[{
					"socket":	5,
					"start":	7.000083,
					"end":	8.000096,
					"seconds":	1.000013,
					"bytes":	11796480,
					"bits_per_second":	94370625.015642,
					"retransmits":	0,
					"snd_cwnd":	3166776,
					"rtt":	258433,
					"omitted":	false
				}],
			"sum":	{
				"start":	7.000083,
				"end":	8.000096,
				"seconds":	1.000013,
				"bytes":	11796480,
				"bits_per_second":	94370625.015642,
				"retransmits":	0,
				"omitted":	false
			}
		}, {
			"streams":	[{
					"socket":	5,
					"start":	8.000096,
					"end":	9.000083,
					"seconds":	0.999987,
					"bytes":	11927552,
					"bits_per_second":	95421644.515817,
					"retransmits":	0,
					"snd_cwnd":	3373840,
					"rtt":	275073,
					"omitted":	false
				}],
			"sum":	{
				"start":	8.000096,
				"end":	9.000083,
				"seconds":	0.999987,
				"bytes":	11927552,
				"bits_per_second":	95421644.515817,
				"retransmits":	0,
				"omitted":	false
			}
		}, {
			"streams":	[{
					"socket":	5,
					"start":	9.000083,
					"end":	10.000097,
					"seconds":	1.000014,
					"bytes":	11927552,
					"bits_per_second":	95419096.518246,
					"retransmits":	0,
					"snd_cwnd":	3605520,
					"rtt":	295706,
					"omitted":	false
				}],
			"sum":	{
				"start":	9.000083,
				"end":	10.000097,
				"seconds":	1.000014,
				"bytes":	11927552,
				"bits_per_second":	95419096.518246,
				"retransmits":	0,
				"omitted":	false
			}
		}],
	"end":	{
		"streams":	[{
				"sender":	{
					"socket":	5,
					"start":	0,
					"end":	10.000097,
					"seconds":	10.000097,
					"bytes":	101842944,
					"bits_per_second":	81473566.552634,
					"retransmits":	0,
					"max_snd_cwnd":	3605520,
					"max_rtt":	295706,
					"min_rtt":	240126,
					"mean_rtt":	251672
				},
				"receiver":	{
					"socket":	5,
					"start":	0,
					"end":	10.000097,
					"seconds":	10.000097,
					"bytes":	83698744,
					"bits_per_second":	66958347.056973
				}
			}],
		"sum_sent":	{
			"start":	0,
			"end":	10.000097,
			"seconds":	10.000097,
			"bytes":	101842944,
			"bits_per_second":	81473566.552634,
			"retransmits":	0
		},
		"sum_received":	{
			"start":	0,
			"end":	10.000097,
			"seconds":	10.000097,
			"bytes":	83698744,
			"bits_per_second":	66958347.056973
		},
		"cpu_utilization_percent":	{
			"host_total":	4.496995,
			"host_user":	1.712259,
			"host_system":	2.784682,
			"remote_total":	0.147832,
			"remote_user":	0.074803,
			"remote_system":	0.073027
		}
	}
}
